{
  "marker_name": "S_HIGH_PRESSURE_DEMAND_MARKER",
  "beschreibung": "id: S_HIGH_PRESSURE_DEMAND\n",
  "level": 2,
  "version": "1.0.0",
  "author": "Schema-Engineer_fo_syst./psych./_markerweights",
  "created_at": "2025-07-18",
  "status": "draft",
  "lang": "de",
  "name": "HOCHDRUCK_AUFFORDERUNG",
  "description": "Kombiniert einen Appell an Autorität mit zeitlicher Knappheit, um eine unüberlegte, schnelle Entscheidung zu erzwingen.",
  "composed_of": [
    {
      "type": "atomic",
      "marker_ids": [
        "A_SCARCITY_TIMER",
        "A_APPEAL_TO_AUTHORITY"
      ]
    }
  ],
  "rules": [
    {
      "type": "co_occurrence",
      "condition": "innerhalb_von",
      "value": 2,
      "scope": "conversation_chunk"
    }
  ],
  "semantic_grabber_id": "SGR_SCARCITY_01",
  "cluster": [
    "C_MANIPULATIVE_PERSUASION"
  ],
  "tags": [
    "cialdini",
    "persuasion",
    "social_engineering",
    "scam_pattern",
    "origin_author:Robert_Cialdini"
  ],
  "beispiele": [
    "examples:",
    "- Experten sagen, dass dieses Angebot nur noch heute gilt, also müssen Sie sich",
    "jetzt entscheiden."
  ],
  "semantische_grabber_id": "AUTO_SEM_20250718_08AA",
  "metadata": {
    "created_at": 